velocity (km/h),drag (N)
10,0.05602
20,0.22407
30,0.5402
40,0.8963
50,1.4005
60,2.0167
70,2.745
80,3.585
90,4.5375
100,5.602
110,6.778
120,8.067
130,9.467
140,10.98
150,12.604
160,14.34
170,16.19
180,18.15
190,20.223
200,22.407
210,24.704
220,27.113
230,29.634
240,32.267
250,35.01